Time [sec],Flux [g/(m2h)],Mark,AmbT [C],AmbRH [%],ProbeT [C],ProbeRH [%],CondenserT [C],HeatsinkT [C],Ice [mg],Qty [g/m2]
0,0.03,0,24.5,21.1,22.23,12.83,-7.57,28,0.003,1.32E-07
1,0.1,0,24.5,21.1,22.23,12.85,-7.57,28,0.003,6.36E-07
2,0.53,0,24.5,21.1,22.23,12.91,-7.57,28,0.003,3.23E-06
3,0.96,0,24.5,21.1,22.23,13.01,-7.57,28,0.003,7.91E-06
4.1,1.5,0,24.5,21.1,22.23,13.14,-7.57,28,0.003,1.52E-05
5.1,2.1,0,24.5,21.1,22.23,13.3,-7.57,28,0.003,2.56E-05
6.1,2.75,0,24.5,21.1,22.23,13.48,-7.57,28,0.003,3.90E-05
7.1,3.35,0,24.5,21.1,22.23,13.66,-7.56,28,0.003,5.54E-05
8.1,3.83,0,24.5,21.1,22.23,13.83,-7.56,28,0.003,7.42E-05
9.2,4.29,0,24.5,21.1,22.23,13.98,-7.57,28,0.003,9.51E-05
10.2,4.61,0,24.5,21.1,22.22,14.11,-7.57,28,0.003,1.18E-04
11.2,4.89,0,24.5,21.1,22.22,14.21,-7.57,28,0.003,1.42E-04
12.2,5.14,0,24.5,21.1,22.22,14.3,-7.56,28,0.003,1.67E-04
13.2,5.41,0,24.5,21.1,22.23,14.39,-7.56,28,0.003,1.93E-04
14.2,5.56,0,24.5,21.1,22.23,14.46,-7.57,28,0.003,2.20E-04
15.3,5.68,0,24.5,21.1,22.23,14.51,-7.57,28,0.003,2.48E-04
16.3,5.82,0,24.5,21.1,22.23,14.55,-7.57,28,0.003,2.76E-04
17.3,5.95,0,24.5,21.1,22.23,14.6,-7.57,28,0.003,3.05E-04
18.3,6.03,0,24.5,21.1,22.23,14.64,-7.57,28,0.004,3.35E-04
19.3,6.06,0,24.5,21.1,22.22,14.66,-7.57,28,0.004,3.65E-04
20.3,6.14,0,24.5,21.1,22.22,14.69,-7.57,28,0.004,3.94E-04
21.3,6.19,0,24.5,21.1,22.22,14.71,-7.57,28,0.004,4.25E-04
22.4,6.18,0,24.5,21.1,22.22,14.72,-7.57,28,0.004,4.55E-04
23.4,6.19,0,24.5,21.1,22.22,14.72,-7.57,28,0.004,4.85E-04
24.4,6.2,0,24.4,21.1,22.22,14.73,-7.57,28,0.004,5.15E-04
25.4,6.19,0,24.4,21.1,22.22,14.73,-7.57,28,0.004,5.46E-04
26.4,6.19,0,24.4,21.1,22.22,14.73,-7.57,28,0.004,5.76E-04
27.4,6.19,0,24.4,21.1,22.22,14.73,-7.57,28,0.004,6.06E-04
28.5,6.18,0,24.4,21.1,22.22,14.73,-7.57,28,0.004,6.36E-04
29.5,6.15,0,24.4,21.1,22.22,14.72,-7.57,28,0.004,6.66E-04
30.5,6.12,0,24.4,21.1,22.21,14.71,-7.57,28,0.004,6.96E-04
31.5,6.12,0,24.4,21.1,22.21,14.7,-7.57,28,0.004,7.26E-04
32.5,6.01,0,24.4,21.2,22.22,14.69,-7.57,28,0.004,7.56E-04
33.5,5.92,0,24.4,21.2,22.22,14.67,-7.57,28,0.005,7.85E-04
34.6,5.89,0,24.4,21.2,22.22,14.65,-7.57,28,0.005,8.14E-04
35.6,5.83,0,24.4,21.2,22.21,14.64,-7.57,28,0.005,8.43E-04
36.6,5.79,0,24.4,21.2,22.21,14.62,-7.57,28,0.005,8.71E-04
37.6,5.76,0,24.4,21.2,22.21,14.61,-7.57,28,0.005,8.99E-04
38.6,5.72,0,24.4,21.2,22.21,14.6,-7.57,28,0.005,9.27E-04
39.7,5.68,0,24.4,21.2,22.21,14.59,-7.57,28,0.005,9.55E-04
40.7,5.62,0,24.4,21.2,22.21,14.57,-7.57,28,0.005,9.82E-04
41.7,5.53,0,24.4,21.2,22.21,14.55,-7.57,28,0.005,1.01E-03
42.7,5.46,0,24.4,21.2,22.21,14.53,-7.57,28,0.005,1.04E-03
43.7,5.37,0,24.4,21.2,22.21,14.51,-7.57,28,0.005,1.06E-03
44.7,5.32,0,24.4,21.2,22.21,14.49,-7.57,28,0.005,1.09E-03
45.8,5.29,0,24.4,21.2,22.21,14.47,-7.57,28,0.005,1.11E-03
46.8,5.26,0,24.4,21.2,22.2,14.46,-7.57,28,0.005,1.14E-03
47.8,5.27,0,24.4,21.2,22.2,14.46,-7.57,28,0.005,1.17E-03
48.8,5.25,0,24.4,21.2,22.2,14.45,-7.57,28,0.005,1.19E-03
49.8,5.19,0,24.4,21.2,22.2,14.44,-7.57,28,0.005,1.22E-03
50.8,5.18,0,24.4,21.2,22.2,14.44,-7.57,28.1,0.006,1.24E-03
51.8,5.13,0,24.4,21.2,22.2,14.43,-7.57,28.1,0.006,1.27E-03
52.9,5.1,0,24.4,21.2,22.2,14.42,-7.57,28.1,0.006,1.29E-03
53.9,5.07,0,24.4,21.2,22.2,14.41,-7.57,28.1,0.006,1.32E-03
54.9,5.07,0,24.4,21.2,22.2,14.4,-7.57,28.1,0.006,1.34E-03
55.9,5.05,0,24.4,21.3,22.2,14.4,-7.57,28.1,0.006,1.37E-03
56.9,5,0,24.4,21.3,22.2,14.39,-7.57,28.1,0.006,1.39E-03
57.9,4.99,0,24.4,21.3,22.2,14.38,-7.57,28.1,0.006,1.42E-03
59,4.94,0,24.4,21.3,22.19,14.37,-7.57,28.1,0.006,1.44E-03
60,4.94,0,24.4,21.3,22.19,14.37,-7.57,28.1,0.006,1.46E-03
61,4.87,0,24.4,21.3,22.19,14.36,-7.57,28.1,0.006,1.49E-03
62,4.87,0,24.4,21.3,22.19,14.35,-7.57,28.1,0.006,1.51E-03
63,4.89,0,24.4,21.3,22.19,14.35,-7.57,28.1,0.006,1.53E-03
64,4.88,0,24.4,21.3,22.18,14.35,-7.57,28.1,0.006,1.56E-03
65,4.91,0,24.4,21.3,22.18,14.36,-7.57,28.1,0.006,1.58E-03
66.1,4.85,0,24.4,21.3,22.18,14.35,-7.57,28.1,0.006,1.61E-03
67.1,4.87,0,24.4,21.3,22.18,14.35,-7.57,28.1,0.006,1.63E-03
68.1,4.91,0,24.4,21.3,22.18,14.35,-7.57,28.1,0.006,1.65E-03
69.1,4.76,0,24.4,21.3,22.18,14.34,-7.57,28.1,0.007,1.68E-03
70.1,4.74,0,24.4,21.3,22.17,14.32,-7.57,28.1,0.007,1.70E-03
71.1,4.68,0,24.4,21.3,22.17,14.31,-7.57,28.1,0.007,1.72E-03
72.2,4.69,0,24.4,21.3,22.17,14.3,-7.57,28.2,0.007,1.75E-03
73.2,4.63,0,24.4,21.3,22.17,14.29,-7.57,28.2,0.007,1.77E-03
74.2,4.6,0,24.4,21.3,22.17,14.28,-7.57,28.2,0.007,1.79E-03
75.2,4.66,0,24.4,21.3,22.17,14.29,-7.57,28.2,0.007,1.81E-03
76.2,4.66,0,24.4,21.3,22.17,14.29,-7.57,28.2,0.007,1.84E-03
77.2,4.65,0,24.4,21.3,22.17,14.29,-7.57,28.2,0.007,1.86E-03
78.3,4.61,0,24.4,21.3,22.17,14.28,-7.57,28.2,0.007,1.88E-03
79.3,4.66,0,24.4,21.3,22.17,14.29,-7.57,28.2,0.007,1.90E-03
80.3,4.67,0,24.3,21.3,22.17,14.29,-7.57,28.2,0.007,1.93E-03
81.3,4.65,0,24.3,21.3,22.17,14.28,-7.57,28.2,0.007,1.95E-03
82.3,4.63,0,24.3,21.4,22.16,14.28,-7.57,28.2,0.007,1.97E-03
83.3,4.65,0,24.3,21.4,22.16,14.28,-7.57,28.2,0.007,2.00E-03
84.3,4.64,0,24.3,21.4,22.16,14.28,-7.57,28.2,0.007,2.02E-03
85.4,4.64,0,24.3,21.4,22.16,14.28,-7.57,28.2,0.007,2.04E-03
86.4,4.65,0,24.3,21.4,22.16,14.28,-7.57,28.2,0.007,2.06E-03
87.4,4.67,0,24.4,21.4,22.16,14.29,-7.57,28.2,0.007,2.09E-03
88.4,4.69,0,24.4,21.4,22.16,14.31,-7.57,28.2,0.007,2.11E-03
89.4,4.77,0,24.4,21.4,22.16,14.32,-7.57,28.2,0.008,2.13E-03
90.4,4.77,0,24.4,21.4,22.15,14.34,-7.57,28.2,0.008,2.16E-03
91.5,4.77,0,24.4,21.4,22.15,14.34,-7.57,28.3,0.008,2.18E-03
92.5,4.82,0,24.4,21.4,22.15,14.35,-7.57,28.3,0.008,2.20E-03
93.5,4.77,0,24.4,21.4,22.15,14.35,-7.57,28.3,0.008,2.23E-03
94.5,4.78,0,24.4,21.4,22.14,14.35,-7.57,28.3,0.008,2.25E-03
95.5,4.74,0,24.4,21.4,22.14,14.35,-7.57,28.3,0.008,2.27E-03
96.6,4.76,0,24.4,21.4,22.14,14.35,-7.57,28.3,0.008,2.30E-03
97.6,4.75,0,24.4,21.4,22.14,14.35,-7.57,28.3,0.008,2.32E-03
98.6,4.73,0,24.4,21.4,22.14,14.34,-7.57,28.3,0.008,2.34E-03
99.6,4.75,0,24.4,21.4,22.14,14.34,-7.57,28.3,0.008,2.37E-03
100.6,4.73,0,24.4,21.4,22.14,14.34,-7.57,28.3,0.008,2.39E-03
101.6,4.75,0,24.4,21.4,22.14,14.34,-7.57,28.3,0.008,2.41E-03
102.7,4.75,0,24.4,21.4,22.14,14.34,-7.57,28.3,0.008,2.44E-03
103.7,4.74,0,24.4,21.4,22.14,14.34,-7.57,28.3,0.008,2.46E-03
104.7,4.74,0,24.4,21.4,22.14,14.34,-7.57,28.3,0.008,2.48E-03
105.7,4.78,0,24.4,21.4,22.14,14.35,-7.57,28.3,0.008,2.51E-03
106.7,4.78,0,24.4,21.4,22.14,14.36,-7.57,28.3,0.008,2.53E-03
107.7,4.78,0,24.5,21.4,22.14,14.37,-7.57,28.3,0.008,2.55E-03
108.8,4.79,0,24.5,21.4,22.13,14.38,-7.57,28.4,0.009,2.58E-03
109.8,4.9,0,24.5,21.4,22.13,14.39,-7.57,28.4,0.009,2.60E-03
110.8,4.94,0,24.5,21.4,22.13,14.4,-7.57,28.4,0.009,2.62E-03
111.8,4.9,0,24.5,21.4,22.13,14.4,-7.57,28.4,0.009,2.65E-03
112.8,4.93,0,24.5,21.4,22.13,14.4,-7.57,28.4,0.009,2.67E-03
113.8,4.95,0,24.5,21.4,22.13,14.41,-7.57,28.4,0.009,2.70E-03
114.9,5,0,24.5,21.4,22.13,14.42,-7.57,28.4,0.009,2.72E-03
115.9,5.06,0,24.5,21.4,22.13,14.43,-7.57,28.4,0.009,2.75E-03
116.9,5.07,0,24.5,21.4,22.13,14.44,-7.57,28.4,0.009,2.77E-03
117.9,5.12,0,24.5,21.4,22.13,14.45,-7.57,28.4,0.009,2.80E-03
118.9,5.11,0,24.5,21.4,22.13,14.46,-7.57,28.4,0.009,2.82E-03
119.9,5.16,0,24.6,21.4,22.13,14.47,-7.57,28.4,0.009,2.85E-03
121,5.12,0,24.6,21.3,22.13,14.47,-7.57,28.4,0.009,2.87E-03
122,5.11,0,24.6,21.3,22.13,14.47,-7.57,28.4,0.009,2.90E-03
123,5.12,0,24.6,21.3,22.13,14.47,-7.57,28.4,0.009,2.92E-03
124,5.14,0,24.6,21.3,22.13,14.47,-7.57,28.4,0.009,2.95E-03
125,5.08,0,24.6,21.3,22.13,14.47,-7.57,28.4,0.009,2.97E-03
126,5.12,0,24.6,21.3,22.13,14.48,-7.57,28.4,0.009,3.00E-03
127,5.15,0,24.6,21.3,22.13,14.49,-7.57,28.5,0.01,3.02E-03
128.1,5.14,0,24.6,21.3,22.13,14.49,-7.57,28.5,0.01,3.05E-03
129.1,5.18,0,24.6,21.3,22.13,14.5,-7.57,28.5,0.01,3.07E-03
130.1,5.34,0,24.6,21.3,22.13,14.52,-7.57,28.5,0.01,3.10E-03
131.1,5.45,0,24.6,21.3,22.13,14.54,-7.57,28.5,0.01,3.12E-03
132.1,5.46,0,24.6,21.3,22.13,14.56,-7.57,28.5,0.01,3.15E-03
133.1,5.47,0,24.7,21.3,22.13,14.57,-7.57,28.5,0.01,3.18E-03
134.2,5.55,0,24.7,21.3,22.13,14.58,-7.57,28.5,0.01,3.20E-03
135.2,5.6,0,24.7,21.3,22.13,14.6,-7.57,28.5,0.01,3.23E-03
136.2,5.58,0,24.7,21.3,22.13,14.6,-7.57,28.5,0.01,3.26E-03
137.2,5.56,0,24.7,21.3,22.13,14.6,-7.57,28.5,0.01,3.29E-03
138.2,5.6,0,24.7,21.3,22.13,14.61,-7.57,28.5,0.01,3.31E-03
139.2,5.69,0,24.7,21.2,22.13,14.63,-7.57,28.5,0.01,3.34E-03
140.3,5.69,0,24.7,21.2,22.13,14.64,-7.57,28.5,0.01,3.37E-03
141.3,5.72,0,24.7,21.2,22.13,14.65,-7.57,28.5,0.01,3.40E-03
142.3,5.76,0,24.7,21.2,22.13,14.66,-7.57,28.5,0.01,3.43E-03
143.3,5.79,0,24.7,21.2,22.13,14.67,-7.57,28.6,0.01,3.45E-03
144.3,5.79,0,24.7,21.2,22.13,14.67,-7.57,28.6,0.011,3.48E-03
145.3,5.77,0,24.7,21.2,22.13,14.67,-7.57,28.6,0.011,3.51E-03
146.3,5.78,0,24.7,21.2,22.13,14.67,-7.57,28.6,0.011,3.54E-03
147.4,5.79,0,24.7,21.2,22.13,14.67,-7.57,28.6,0.011,3.57E-03
148.4,5.78,0,24.7,21.3,22.13,14.67,-7.57,28.6,0.011,3.60E-03
149.4,5.74,0,24.7,21.3,22.13,14.67,-7.57,28.6,0.011,3.62E-03
150.4,5.75,0,24.7,21.3,22.13,14.67,-7.57,28.6,0.011,3.65E-03
151.5,5.75,0,24.7,21.3,22.13,14.67,-7.57,28.6,0.011,3.68E-03
152.5,5.76,0,24.7,21.3,22.14,14.67,-7.57,28.6,0.011,3.71E-03
153.5,5.77,0,24.6,21.3,22.14,14.67,-7.57,28.6,0.011,3.74E-03
154.5,5.78,0,24.6,21.3,22.14,14.68,-7.57,28.6,0.011,3.76E-03
155.5,5.8,0,24.6,21.3,22.14,14.68,-7.57,28.6,0.011,3.79E-03
156.5,5.81,0,24.6,21.3,22.14,14.69,-7.57,28.6,0.011,3.82E-03
157.5,5.81,0,24.6,21.3,22.14,14.69,-7.57,28.6,0.011,3.85E-03
158.6,5.84,0,24.6,21.3,22.14,14.7,-7.57,28.6,0.011,3.88E-03
159.6,5.93,0,24.6,21.3,22.14,14.71,-7.56,28.6,0.011,3.91E-03
160.6,5.96,0,24.6,21.3,22.14,14.71,-7.56,28.6,0.012,3.94E-03
161.6,5.95,0,24.6,21.3,22.15,14.71,-7.56,28.7,0.012,3.96E-03
162.6,5.99,0,24.6,21.3,22.15,14.72,-7.56,28.7,0.012,3.99E-03
163.7,5.97,0,24.6,21.3,22.15,14.72,-7.56,28.7,0.012,4.02E-03
164.7,5.97,0,24.6,21.3,22.15,14.72,-7.56,28.7,0.012,4.05E-03
165.7,5.98,0,24.6,21.4,22.15,14.72,-7.57,28.7,0.012,4.08E-03
166.7,5.92,0,24.6,21.4,22.15,14.71,-7.57,28.7,0.012,4.11E-03
167.7,5.95,0,24.6,21.4,22.15,14.72,-7.57,28.7,0.012,4.14E-03
168.7,5.93,0,24.5,21.4,22.15,14.71,-7.57,28.7,0.012,4.17E-03
169.8,5.96,0,24.5,21.4,22.16,14.72,-7.57,28.7,0.012,4.20E-03
170.8,5.93,0,24.5,21.4,22.16,14.71,-7.57,28.7,0.012,4.23E-03
171.8,5.98,0,24.5,21.4,22.16,14.72,-7.57,28.7,0.012,4.26E-03
172.8,5.96,0,24.5,21.4,22.16,14.72,-7.57,28.7,0.012,4.29E-03
173.8,5.97,0,24.5,21.4,22.16,14.72,-7.57,28.7,0.012,4.32E-03
174.8,5.99,0,24.5,21.4,22.16,14.72,-7.57,28.7,0.012,4.34E-03
175.9,5.98,0,24.5,21.4,22.16,14.72,-7.57,28.7,0.013,4.37E-03
176.9,6.01,0,24.5,21.5,22.17,14.73,-7.57,28.7,0.013,4.40E-03
177.9,5.99,0,24.5,21.5,22.17,14.73,-7.57,28.7,0.013,4.43E-03
178.9,6,0,24.5,21.5,22.17,14.73,-7.57,28.8,0.013,4.46E-03
179.9,6,0,24.5,21.5,22.17,14.73,-7.57,28.8,0.013,4.49E-03
180.9,6,0,24.5,21.5,22.17,14.73,-7.57,28.8,0.013,4.52E-03
182,5.99,0,24.5,21.5,22.17,14.72,-7.57,28.8,0.013,4.55E-03
183,5.99,0,24.5,21.5,22.17,14.72,-7.57,28.8,0.013,4.58E-03
184,6.01,0,24.5,21.5,22.18,14.72,-7.57,28.8,0.013,4.61E-03
185,6.01,0,24.5,21.5,22.18,14.72,-7.57,28.8,0.013,4.64E-03
186,6.01,0,24.5,21.5,22.18,14.72,-7.56,28.8,0.013,4.67E-03
187,6,0,24.5,21.6,22.18,14.71,-7.57,28.8,0.013,4.70E-03
188.1,6.04,0,24.5,21.6,22.18,14.72,-7.57,28.8,0.013,4.73E-03
189.1,6.06,0,24.5,21.6,22.19,14.72,-7.57,28.8,0.013,4.76E-03
190.1,6.03,0,24.5,21.6,22.19,14.72,-7.57,28.8,0.013,4.79E-03
191.1,6.07,0,24.5,21.6,22.19,14.72,-7.57,28.8,0.013,4.81E-03
192.1,6.06,0,24.5,21.6,22.19,14.72,-7.57,28.8,0.014,4.84E-03
193.1,6.08,0,24.5,21.6,22.19,14.73,-7.57,28.8,0.014,4.87E-03
194.2,6.07,0,24.5,21.6,22.2,14.73,-7.57,28.8,0.014,4.90E-03
195.2,6.07,0,24.5,21.6,22.2,14.73,-7.57,28.8,0.014,4.93E-03
196.2,6.1,0,24.5,21.6,22.2,14.73,-7.57,28.9,0.014,4.96E-03
197.2,6.09,0,24.5,21.6,22.2,14.73,-7.57,28.9,0.014,4.99E-03
198.2,6.12,0,24.5,21.6,22.2,14.73,-7.57,28.9,0.014,5.02E-03
199.2,6.13,0,24.5,21.6,22.21,14.73,-7.57,28.9,0.014,5.05E-03
200.3,6.14,0,24.5,21.6,22.21,14.73,-7.57,28.9,0.014,5.08E-03
201.3,6.14,0,24.5,21.6,22.21,14.73,-7.57,28.9,0.014,5.11E-03
202.3,6.13,0,24.5,21.6,22.21,14.73,-7.57,28.9,0.014,5.14E-03
203.3,6.15,0,24.5,21.6,22.22,14.73,-7.57,28.9,0.014,5.17E-03
204.3,6.14,0,24.5,21.6,22.22,14.72,-7.57,28.9,0.014,5.20E-03
205.3,6.16,0,24.5,21.6,22.22,14.72,-7.57,28.9,0.014,5.23E-03
206.3,6.15,0,24.5,21.6,22.22,14.72,-7.57,28.9,0.014,5.26E-03
207.4,6.16,0,24.5,21.6,22.22,14.72,-7.57,28.9,0.015,5.29E-03
208.4,6.19,0,24.5,21.6,22.23,14.73,-7.57,28.9,0.015,5.32E-03
209.4,6.18,0,24.5,21.6,22.23,14.73,-7.57,28.9,0.015,5.35E-03
210.4,6.17,0,24.5,21.6,22.23,14.73,-7.57,28.9,0.015,5.38E-03
211.4,6.16,0,24.5,21.6,22.23,14.72,-7.57,28.9,0.015,5.41E-03
212.5,6.19,0,24.5,21.6,22.23,14.72,-7.57,28.9,0.015,5.44E-03
213.5,6.19,0,24.5,21.6,22.24,14.72,-7.57,28.9,0.015,5.47E-03
214.5,6.18,0,24.5,21.6,22.24,14.72,-7.57,28.9,0.015,5.51E-03
215.5,6.17,0,24.5,21.6,22.24,14.71,-7.57,29,0.015,5.54E-03
216.5,6.21,0,24.5,21.6,22.24,14.72,-7.57,29,0.015,5.57E-03
217.5,6.22,0,24.5,21.7,22.25,14.72,-7.57,29,0.015,5.60E-03
218.5,6.21,0,24.5,21.7,22.25,14.72,-7.57,29,0.015,5.63E-03
219.6,6.22,0,24.5,21.7,22.25,14.72,-7.57,29,0.015,5.66E-03
220.6,6.24,0,24.5,21.7,22.26,14.73,-7.57,29,0.015,5.69E-03
221.6,6.36,0,24.5,21.7,22.26,14.73,-7.57,29,0.015,5.72E-03
222.6,6.35,0,24.5,21.7,22.26,14.73,-7.57,29,0.016,5.75E-03
223.6,6.33,0,24.5,21.7,22.27,14.73,-7.57,29,0.016,5.78E-03
224.7,6.34,0,24.5,21.7,22.27,14.73,-7.57,29,0.016,5.81E-03
225.7,6.3,0,24.5,21.7,22.27,14.73,-7.57,29,0.016,5.84E-03
226.7,6.33,0,24.5,21.7,22.28,14.73,-7.57,29,0.016,5.87E-03
227.7,6.44,0,24.5,21.7,22.28,14.74,-7.57,29,0.016,5.90E-03
228.7,6.45,0,24.5,21.7,22.28,14.75,-7.57,29,0.016,5.94E-03
229.7,6.5,0,24.5,21.7,22.28,14.76,-7.57,29,0.016,5.97E-03
230.8,6.55,0,24.5,21.7,22.28,14.77,-7.57,29.1,0.016,6.00E-03
231.8,6.55,0,24.5,21.7,22.29,14.77,-7.57,29.1,0.016,6.03E-03
232.8,6.58,0,24.5,21.7,22.29,14.78,-7.57,29.1,0.016,6.06E-03
233.8,6.54,0,24.5,21.7,22.29,14.77,-7.57,29.1,0.016,6.10E-03
234.8,6.54,0,24.5,21.7,22.3,14.77,-7.57,29.1,0.016,6.13E-03
235.8,6.53,0,24.5,21.7,22.3,14.76,-7.57,29.1,0.016,6.16E-03
236.9,6.49,0,24.5,21.7,22.3,14.75,-7.57,29.1,0.017,6.19E-03
237.9,6.5,0,24.5,21.7,22.31,14.75,-7.57,29.1,0.017,6.22E-03
238.9,6.49,0,24.5,21.7,22.31,14.74,-7.57,29.1,0.017,6.26E-03
239.9,6.5,0,24.5,21.7,22.31,14.73,-7.57,29.1,0.017,6.29E-03
240.9,6.53,0,24.5,21.7,22.32,14.74,-7.57,29.1,0.017,6.32E-03
241.9,6.55,0,24.5,21.7,22.32,14.75,-7.57,29.1,0.017,6.35E-03
243,6.53,0,24.5,21.7,22.32,14.75,-7.57,29.1,0.017,6.38E-03
244,6.54,0,24.5,21.7,22.32,14.76,-7.57,29.1,0.017,6.42E-03
245,6.67,0,24.5,21.7,22.33,14.77,-7.57,29.1,0.017,6.45E-03
246,6.7,0,24.5,21.7,22.33,14.78,-7.57,29.1,0.017,6.48E-03
247,6.68,0,24.5,21.7,22.33,14.78,-7.57,29.1,0.017,6.51E-03
248,6.68,0,24.5,21.7,22.33,14.78,-7.57,29.2,0.017,6.55E-03
249,6.73,0,24.5,21.8,22.34,14.78,-7.56,29.2,0.017,6.58E-03
250.1,6.75,0,24.5,21.8,22.34,14.79,-7.56,29.2,0.017,6.61E-03
251.1,6.75,0,24.5,21.8,22.34,14.79,-7.56,29.2,0.018,6.64E-03
252.1,6.76,0,24.5,21.8,22.35,14.79,-7.56,29.2,0.018,6.68E-03
253.1,6.8,0,24.5,21.8,22.35,14.79,-7.56,29.2,0.018,6.71E-03
254.1,6.79,0,24.5,21.8,22.36,14.79,-7.56,29.2,0.018,6.74E-03
255.1,6.8,0,24.5,21.8,22.36,14.79,-7.56,29.2,0.018,6.78E-03
256.2,6.8,0,24.5,21.8,22.36,14.79,-7.56,29.2,0.018,6.81E-03
257.2,6.74,0,24.5,21.8,22.36,14.79,-7.56,29.2,0.018,6.84E-03
258.2,6.77,0,24.5,21.8,22.37,14.79,-7.56,29.2,0.018,6.88E-03
259.2,6.77,0,24.5,21.8,22.37,14.79,-7.56,29.2,0.018,6.91E-03
260.2,6.77,0,24.5,21.8,22.38,14.79,-7.56,29.2,0.018,6.94E-03
261.3,6.79,0,24.5,21.8,22.38,14.79,-7.56,29.2,0.018,6.98E-03
262.3,6.8,0,24.5,21.8,22.39,14.79,-7.56,29.2,0.018,7.01E-03
263.3,6.83,0,24.5,21.8,22.39,14.79,-7.56,29.2,0.018,7.04E-03
264.3,6.8,0,24.5,21.8,22.39,14.79,-7.56,29.2,0.019,7.08E-03
265.3,6.81,0,24.5,21.8,22.4,14.78,-7.56,29.3,0.019,7.11E-03
266.3,6.81,0,24.5,21.8,22.4,14.78,-7.56,29.3,0.019,7.14E-03
267.4,6.81,0,24.5,21.8,22.4,14.77,-7.56,29.3,0.019,7.18E-03
268.4,6.8,0,24.5,21.8,22.41,14.77,-7.56,29.3,0.019,7.21E-03
269.4,6.8,0,24.5,21.8,22.41,14.76,-7.56,29.3,0.019,7.24E-03
270.4,6.83,0,24.5,21.8,22.41,14.76,-7.56,29.3,0.019,7.28E-03
271.4,6.83,0,24.5,21.8,22.42,14.76,-7.56,29.3,0.019,7.31E-03
272.4,6.81,0,24.5,21.8,22.42,14.76,-7.56,29.3,0.019,7.34E-03
273.5,6.81,0,24.5,21.8,22.43,14.75,-7.56,29.3,0.019,7.38E-03
274.5,6.82,0,24.5,21.8,22.43,14.75,-7.56,29.3,0.019,7.41E-03
275.5,6.82,0,24.5,21.8,22.44,14.74,-7.56,29.3,0.019,7.44E-03
276.5,6.81,0,24.5,21.8,22.44,14.74,-7.56,29.3,0.019,7.48E-03
277.5,6.81,0,24.5,21.8,22.44,14.73,-7.56,29.3,0.019,7.51E-03
278.5,6.84,0,24.5,21.8,22.44,14.73,-7.56,29.3,0.02,7.54E-03
279.5,6.83,0,24.5,21.8,22.45,14.73,-7.56,29.3,0.02,7.58E-03
280.6,6.82,0,24.5,21.8,22.45,14.73,-7.56,29.3,0.02,7.61E-03
281.6,6.84,0,24.5,21.8,22.46,14.73,-7.56,29.3,0.02,7.64E-03
282.6,6.84,0,24.5,21.8,22.46,14.73,-7.56,29.4,0.02,7.68E-03
283.6,6.84,0,24.5,21.8,22.46,14.73,-7.56,29.4,0.02,7.71E-03
284.6,6.84,0,24.5,21.8,22.47,14.73,-7.56,29.4,0.02,7.74E-03
285.6,6.83,0,24.5,21.8,22.47,14.72,-7.56,29.4,0.02,7.78E-03
286.7,6.85,0,24.5,21.8,22.48,14.72,-7.57,29.4,0.02,7.81E-03
287.7,6.85,0,24.5,21.8,22.48,14.72,-7.56,29.4,0.02,7.84E-03
288.7,6.85,0,24.5,21.8,22.48,14.72,-7.56,29.4,0.02,7.88E-03
289.7,6.83,0,24.5,21.8,22.49,14.72,-7.56,29.4,0.02,7.91E-03
290.7,6.85,0,24.5,21.8,22.49,14.72,-7.56,29.4,0.02,7.94E-03
291.7,6.88,0,24.5,21.8,22.49,14.72,-7.56,29.4,0.021,7.98E-03
292.8,6.92,0,24.5,21.8,22.5,14.73,-7.56,29.4,0.021,8.01E-03
293.8,6.92,0,24.5,21.9,22.51,14.73,-7.56,29.4,0.021,8.05E-03
294.8,7.02,0,24.5,21.9,22.51,14.73,-7.56,29.4,0.021,8.08E-03
295.8,7.07,0,24.5,21.9,22.52,14.73,-7.56,29.4,0.021,8.11E-03
296.8,7.07,0,24.5,21.9,22.52,14.73,-7.56,29.4,0.021,8.15E-03
297.8,7.12,0,24.5,21.9,22.53,14.74,-7.57,29.4,0.021,8.18E-03
298.9,7.14,0,24.5,21.9,22.53,14.74,-7.57,29.4,0.021,8.22E-03
299.9,7.14,0,24.5,21.9,22.54,14.74,-7.57,29.4,0.021,8.25E-03
300.9,7.11,0,24.5,21.9,22.54,14.74,-7.57,29.4,0.021,8.29E-03
301.9,7.15,0,24.5,21.9,22.55,14.74,-7.57,29.4,0.021,8.32E-03
302.9,7.16,0,24.5,21.9,22.55,14.74,-7.57,29.5,0.021,8.36E-03
303.9,7.13,0,24.5,21.9,22.55,14.73,-7.57,29.5,0.021,8.39E-03
305,7.1,0,24.5,21.9,22.56,14.73,-7.57,29.5,0.022,8.43E-03
306,7.1,0,24.5,21.9,22.56,14.72,-7.57,29.5,0.022,8.46E-03
307,7.13,0,24.5,21.9,22.57,14.73,-7.57,29.5,0.022,8.50E-03
308,7.13,0,24.5,21.9,22.57,14.73,-7.57,29.5,0.022,8.53E-03
309,7.15,0,24.5,21.9,22.58,14.73,-7.57,29.5,0.022,8.57E-03
310,7.13,0,24.5,21.9,22.58,14.72,-7.57,29.5,0.022,8.60E-03
311,7.13,0,24.5,21.9,22.58,14.72,-7.57,29.5,0.022,8.64E-03
312.1,7.13,0,24.5,21.9,22.59,14.71,-7.57,29.5,0.022,8.67E-03
313.1,7.1,0,24.5,21.9,22.59,14.7,-7.57,29.5,0.022,8.71E-03
314.1,7.11,0,24.5,21.9,22.6,14.69,-7.57,29.5,0.022,8.74E-03
315.1,7.11,0,24.5,21.9,22.6,14.68,-7.57,29.5,0.022,8.78E-03
316.1,7.11,0,24.5,21.9,22.61,14.67,-7.56,29.5,0.022,8.81E-03
317.1,7.12,0,24.5,21.9,22.61,14.66,-7.56,29.5,0.022,8.85E-03
318.2,7.14,0,24.5,21.9,22.62,14.66,-7.57,29.5,0.023,8.88E-03
319.2,7.16,0,24.5,21.9,22.62,14.67,-7.57,29.5,0.023,8.92E-03
320.2,7.15,0,24.5,22,22.63,14.67,-7.57,29.5,0.023,8.95E-03
321.2,7.13,0,24.5,22,22.64,14.66,-7.57,29.6,0.023,8.98E-03
322.2,7.16,0,24.5,22,22.64,14.67,-7.57,29.6,0.023,9.02E-03
323.2,7.15,0,24.5,22,22.65,14.67,-7.57,29.6,0.023,9.05E-03
324.3,7.14,0,24.5,22,22.65,14.67,-7.57,29.6,0.023,9.09E-03
325.3,7.22,0,24.5,22,22.65,14.67,-7.57,29.6,0.023,9.12E-03
326.3,7.22,0,24.5,22,22.66,14.67,-7.57,29.6,0.023,9.16E-03
327.3,7.27,0,24.5,22,22.66,14.67,-7.57,29.6,0.023,9.20E-03
328.3,7.27,0,24.5,22,22.67,14.67,-7.57,29.6,0.023,9.23E-03
329.3,7.2,0,24.5,22,22.67,14.67,-7.57,29.6,0.023,9.27E-03
330.3,7.19,0,24.5,22,22.68,14.67,-7.57,29.6,0.023,9.30E-03
331.4,7.19,0,24.5,22,22.68,14.66,-7.57,29.6,0.024,9.34E-03
332.4,7.2,0,24.5,22,22.68,14.66,-7.57,29.6,0.024,9.37E-03
333.4,7.24,0,24.5,22,22.69,14.66,-7.57,29.6,0.024,9.41E-03
334.4,7.21,0,24.5,22,22.69,14.65,-7.57,29.6,0.024,9.44E-03
335.4,7.24,0,24.5,22,22.7,14.65,-7.57,29.6,0.024,9.48E-03
336.4,7.24,0,24.5,22,22.7,14.65,-7.57,29.6,0.024,9.51E-03
337.5,7.27,0,24.5,22,22.71,14.66,-7.57,29.6,0.024,9.55E-03
338.5,7.29,0,24.5,22,22.71,14.66,-7.57,29.6,0.024,9.58E-03
339.5,7.26,0,24.5,22,22.71,14.66,-7.57,29.6,0.024,9.62E-03
340.5,7.31,0,24.5,22,22.72,14.66,-7.57,29.6,0.024,9.66E-03
341.5,7.3,0,24.5,22,22.72,14.66,-7.57,29.7,0.024,9.69E-03
342.5,7.41,0,24.5,22,22.73,14.66,-7.57,29.7,0.024,9.73E-03
343.5,7.36,0,24.5,22,22.73,14.65,-7.57,29.7,0.024,9.76E-03
344.6,7.31,0,24.5,22,22.74,14.64,-7.57,29.7,0.025,9.80E-03
345.6,7.33,0,24.5,22,22.74,14.64,-7.57,29.7,0.025,9.83E-03
346.6,7.31,0,24.5,22,22.75,14.63,-7.57,29.7,0.025,9.87E-03
347.6,7.31,0,24.5,22.1,22.75,14.61,-7.57,29.7,0.025,9.91E-03
348.6,7.32,0,24.5,22.1,22.76,14.61,-7.57,29.7,0.025,9.94E-03
349.6,7.34,0,24.5,22.1,22.76,14.61,-7.57,29.7,0.025,9.98E-03
350.7,7.34,0,24.5,22.1,22.77,14.61,-7.57,29.7,0.025,1.00E-02
351.7,7.34,0,24.5,22.1,22.77,14.61,-7.57,29.7,0.025,1.00E-02
352.7,7.33,0,24.5,22.1,22.78,14.6,-7.57,29.7,0.025,1.01E-02
353.7,7.34,0,24.5,22.1,22.78,14.6,-7.57,29.7,0.025,1.01E-02
354.7,7.35,0,24.5,22.1,22.79,14.6,-7.57,29.7,0.025,1.02E-02
355.7,7.35,0,24.5,22.1,22.79,14.6,-7.57,29.7,0.025,1.02E-02
356.8,7.35,0,24.5,22.1,22.8,14.6,-7.57,29.7,0.026,1.02E-02
357.8,7.35,0,24.5,22.1,22.8,14.6,-7.57,29.7,0.026,1.03E-02
358.8,7.47,0,24.5,22.1,22.81,14.61,-7.57,29.7,0.026,1.03E-02
359.8,7.38,0,24.5,22.1,22.81,14.61,-7.57,29.7,0.026,1.03E-02
360.8,7.38,0,24.5,22.1,22.82,14.6,-7.56,29.7,0.026,1.04E-02
361.8,7.4,0,24.5,22.1,22.82,14.6,-7.57,29.7,0.026,1.04E-02
362.8,7.43,0,24.5,22.1,22.83,14.6,-7.57,29.8,0.026,1.04E-02
363.9,7.44,0,24.5,22.1,22.83,14.6,-7.57,29.8,0.026,1.05E-02
364.9,7.42,0,24.5,22.1,22.83,14.6,-7.57,29.8,0.026,1.05E-02
365.9,7.45,0,24.5,22.1,22.84,14.6,-7.57,29.8,0.026,1.06E-02
366.9,7.48,0,24.5,22.1,22.84,14.6,-7.57,29.8,0.026,1.06E-02
367.9,7.48,0,24.5,22.1,22.85,14.6,-7.57,29.8,0.026,1.06E-02
368.9,7.49,0,24.5,22.1,22.85,14.6,-7.57,29.8,0.026,1.07E-02
370,7.5,0,24.5,22.1,22.86,14.6,-7.57,29.8,0.027,1.07E-02
371,7.62,0,24.5,22.1,22.86,14.61,-7.56,29.8,0.027,1.07E-02
372,7.63,0,24.5,22.1,22.87,14.61,-7.57,29.8,0.027,1.08E-02
373,7.64,0,24.5,22.1,22.87,14.61,-7.56,29.8,0.027,1.08E-02
374,7.65,0,24.5,22.1,22.88,14.61,-7.56,29.8,0.027,1.09E-02
375,7.67,0,24.5,22.1,22.88,14.61,-7.57,29.8,0.027,1.09E-02
376,7.68,0,24.5,22.1,22.89,14.61,-7.56,29.8,0.027,1.09E-02
377.1,7.7,0,24.5,22.1,22.9,14.61,-7.56,29.8,0.027,1.10E-02
378.1,7.71,0,24.5,22.1,22.9,14.61,-7.56,29.8,0.027,1.10E-02
379.1,7.73,0,24.5,22.1,22.91,14.61,-7.56,29.8,0.027,1.10E-02
380.1,7.64,0,24.5,22.1,22.91,14.6,-7.56,29.8,0.027,1.11E-02
381.1,7.67,0,24.5,22.1,22.91,14.6,-7.56,29.8,0.027,1.11E-02
382.1,7.67,0,24.5,22.1,22.91,14.6,-7.56,29.8,0.028,1.12E-02
383.2,7.68,0,24.5,22.1,22.92,14.6,-7.56,29.8,0.028,1.12E-02
384.2,7.69,0,24.5,22.1,22.92,14.6,-7.57,29.8,0.028,1.12E-02
385.2,7.69,0,24.5,22.1,22.92,14.6,-7.56,29.8,0.028,1.13E-02
386.2,7.73,0,24.5,22.1,22.93,14.61,-7.56,29.8,0.028,1.13E-02
387.2,7.72,0,24.5,22.1,22.93,14.61,-7.56,29.9,0.028,1.13E-02
388.2,7.73,0,24.5,22.1,22.93,14.61,-7.56,29.9,0.028,1.14E-02
389.3,7.72,0,24.5,22.1,22.94,14.6,-7.56,29.9,0.028,1.14E-02
390.3,7.75,0,24.5,22.1,22.94,14.6,-7.56,29.9,0.028,1.15E-02
391.3,7.74,0,24.5,22.1,22.95,14.6,-7.56,29.9,0.028,1.15E-02
392.3,7.76,0,24.5,22.1,22.95,14.6,-7.56,29.9,0.028,1.15E-02
393.3,7.75,0,24.5,22.1,22.96,14.59,-7.56,29.9,0.028,1.16E-02
394.3,7.75,0,24.5,22.1,22.97,14.59,-7.56,29.9,0.029,1.16E-02
395.3,7.76,0,24.6,22.1,22.97,14.58,-7.56,29.9,0.029,1.16E-02
396.4,7.74,0,24.6,22.1,22.98,14.57,-7.56,29.9,0.029,1.17E-02
397.4,7.74,0,24.6,22.1,22.98,14.56,-7.56,29.9,0.029,1.17E-02
398.4,7.74,0,24.6,22.1,22.98,14.55,-7.56,29.9,0.029,1.18E-02
399.4,7.74,0,24.6,22.1,22.99,14.54,-7.57,29.9,0.029,1.18E-02
400.4,7.75,0,24.6,22.1,22.99,14.54,-7.56,29.9,0.029,1.18E-02
401.4,7.75,0,24.6,22.1,23,14.53,-7.56,29.9,0.029,1.19E-02
402.5,7.76,0,24.6,22.1,23,14.53,-7.56,29.9,0.029,1.19E-02
403.5,7.76,0,24.6,22.1,23,14.53,-7.56,29.9,0.029,1.19E-02
404.5,7.75,0,24.6,22.1,23.01,14.53,-7.56,29.9,0.029,1.20E-02
405.5,7.78,0,24.6,22.1,23.02,14.53,-7.56,29.9,0.03,1.20E-02
406.5,7.77,0,24.6,22.1,23.02,14.53,-7.56,29.9,0.03,1.21E-02
407.5,7.8,0,24.6,22.1,23.02,14.54,-7.56,29.9,0.03,1.21E-02
408.5,7.88,0,24.6,22.1,23.03,14.55,-7.56,29.9,0.03,1.21E-02
409.6,7.95,0,24.6,22.1,23.03,14.56,-7.56,30,0.03,1.22E-02
410.6,7.96,0,24.6,22.1,23.04,14.56,-7.56,30,0.03,1.22E-02
411.6,7.96,0,24.6,22.1,23.04,14.56,-7.56,30,0.03,1.23E-02
412.6,7.97,0,24.6,22.1,23.05,14.56,-7.56,30,0.03,1.23E-02
413.7,7.95,0,24.6,22.1,23.05,14.56,-7.56,30,0.03,1.23E-02
414.7,7.92,0,24.6,22.1,23.06,14.55,-7.56,30,0.03,1.24E-02
415.7,7.9,0,24.6,22.1,23.06,14.54,-7.56,30,0.03,1.24E-02
416.7,7.95,0,24.6,22.1,23.07,14.54,-7.56,30,0.03,1.24E-02
417.7,7.92,0,24.6,22.1,23.07,14.53,-7.57,30,0.031,1.25E-02
418.7,7.93,0,24.6,22.1,23.08,14.53,-7.57,30,0.031,1.25E-02
419.8,7.92,0,24.6,22.1,23.08,14.53,-7.57,30,0.031,1.26E-02
420.8,7.94,0,24.6,22.1,23.09,14.53,-7.57,30,0.031,1.26E-02
421.8,7.96,0,24.6,22.1,23.09,14.53,-7.57,30,0.031,1.26E-02
422.8,7.93,0,24.6,22.1,23.1,14.53,-7.57,30,0.031,1.27E-02
423.8,7.95,0,24.6,22.1,23.1,14.53,-7.57,30,0.031,1.27E-02
424.8,7.93,0,24.6,22.1,23.1,14.52,-7.56,30,0.031,1.28E-02
425.8,7.94,0,24.6,22.1,23.11,14.52,-7.56,30,0.031,1.28E-02
426.9,7.93,0,24.6,22.1,23.11,14.51,-7.56,30,0.031,1.28E-02
427.9,7.91,0,24.6,22.1,23.12,14.49,-7.57,30,0.031,1.29E-02
428.9,7.94,0,24.6,22.1,23.13,14.49,-7.57,30,0.031,1.29E-02
429.9,7.93,0,24.6,22.1,23.13,14.48,-7.56,30,0.032,1.30E-02
430.9,7.94,0,24.6,22.1,23.14,14.47,-7.57,30,0.032,1.30E-02
431.9,7.94,0,24.6,22.1,23.15,14.47,-7.57,30.1,0.032,1.30E-02
433,7.95,0,24.6,22.1,23.15,14.47,-7.57,30.1,0.032,1.31E-02
434,7.97,0,24.6,22.1,23.15,14.47,-7.57,30.1,0.032,1.31E-02
435,7.96,0,24.6,22.1,23.16,14.47,-7.57,30.1,0.032,1.31E-02
436,7.96,0,24.6,22.1,23.17,14.47,-7.57,30.1,0.032,1.32E-02
437,7.96,0,24.6,22.1,23.17,14.47,-7.57,30.1,0.032,1.32E-02
438,7.97,0,24.6,22.1,23.18,14.47,-7.57,30.1,0.032,1.33E-02
439,7.96,0,24.6,22.1,23.18,14.47,-7.57,30.1,0.032,1.33E-02
440.1,7.94,0,24.6,22.1,23.19,14.47,-7.57,30.1,0.032,1.33E-02
441.1,7.97,0,24.6,22.1,23.19,14.47,-7.57,30.1,0.033,1.34E-02
442.1,8,0,24.6,22.1,23.19,14.47,-7.57,30.1,0.033,1.34E-02
443.1,8.01,0,24.6,22.1,23.2,14.47,-7.57,30.1,0.033,1.35E-02
444.1,8.02,0,24.6,22.1,23.2,14.47,-7.57,30.1,0.033,1.35E-02
445.1,8.06,0,24.6,22.1,23.2,14.47,-7.57,30.1,0.033,1.35E-02
446.2,8.06,0,24.6,22.1,23.21,14.47,-7.57,30.1,0.033,1.36E-02
447.2,8.05,0,24.6,22.1,23.22,14.47,-7.57,30.1,0.033,1.36E-02
448.2,8.05,0,24.6,22.1,23.22,14.46,-7.57,30.1,0.033,1.37E-02
449.2,8.04,0,24.6,22.1,23.23,14.45,-7.57,30.1,0.033,1.37E-02
450.2,8.03,0,24.6,22.1,23.23,14.44,-7.57,30.1,0.033,1.37E-02
451.2,8.02,0,24.6,22.1,23.23,14.43,-7.57,30.1,0.033,1.38E-02
452.3,8.04,0,24.6,22.1,23.24,14.42,-7.57,30.1,0.033,1.38E-02
453.3,8.05,0,24.6,22.1,23.24,14.42,-7.57,30.1,0.034,1.38E-02
454.3,8.07,0,24.6,22.1,23.25,14.42,-7.56,30.1,0.034,1.39E-02
455.3,8.04,0,24.6,22.1,23.25,14.41,-7.56,30.2,0.034,1.39E-02
456.3,8.05,0,24.6,22.1,23.26,14.41,-7.56,30.2,0.034,1.40E-02
457.3,8.07,0,24.6,22.1,23.26,14.42,-7.56,30.2,0.034,1.40E-02
458.3,8.06,0,24.6,22.1,23.27,14.42,-7.56,30.2,0.034,1.40E-02
459.4,8.04,0,24.6,22.1,23.27,14.41,-7.56,30.2,0.034,1.41E-02
460.4,8.04,0,24.6,22.1,23.27,14.41,-7.56,30.2,0.034,1.41E-02
461.4,8.06,0,24.6,22.1,23.28,14.41,-7.56,30.2,0.034,1.42E-02
462.4,8.07,0,24.6,22.1,23.29,14.41,-7.56,30.2,0.034,1.42E-02
463.4,8.06,0,24.6,22.1,23.29,14.41,-7.56,30.2,0.034,1.42E-02
464.4,8.05,0,24.6,22.1,23.3,14.4,-7.56,30.2,0.035,1.43E-02
465.5,8.07,0,24.6,22.1,23.3,14.4,-7.56,30.2,0.035,1.43E-02
466.5,8.1,0,24.6,22.1,23.31,14.41,-7.56,30.2,0.035,1.44E-02
467.5,8.11,0,24.6,22.1,23.31,14.41,-7.56,30.2,0.035,1.44E-02
468.5,8.11,0,24.6,22.1,23.32,14.41,-7.56,30.2,0.035,1.44E-02
469.5,8.21,0,24.6,22.1,23.32,14.41,-7.56,30.2,0.035,1.45E-02
470.5,8.14,0,24.6,22.1,23.33,14.41,-7.56,30.2,0.035,1.45E-02
471.5,8.16,0,24.6,22.1,23.33,14.41,-7.56,30.2,0.035,1.46E-02
472.6,8.13,0,24.6,22.1,23.34,14.4,-7.56,30.2,0.035,1.46E-02
473.6,8.14,0,24.6,22.1,23.34,14.39,-7.56,30.2,0.035,1.46E-02
474.6,8.15,0,24.6,22.1,23.35,14.38,-7.56,30.2,0.035,1.47E-02
475.6,8.14,0,24.6,22.1,23.35,14.37,-7.56,30.2,0.035,1.47E-02
476.6,8.13,0,24.6,22.1,23.36,14.36,-7.56,30.2,0.036,1.48E-02
477.6,8.14,0,24.6,22.1,23.36,14.36,-7.56,30.3,0.036,1.48E-02
478.7,8.15,0,24.6,22.1,23.37,14.35,-7.56,30.3,0.036,1.48E-02
479.7,8.19,0,24.6,22.1,23.37,14.36,-7.56,30.3,0.036,1.49E-02
480.7,8.15,0,24.6,22.1,23.38,14.35,-7.56,30.3,0.036,1.49E-02
481.7,8.15,0,24.6,22.2,23.38,14.35,-7.56,30.3,0.036,1.50E-02
482.7,8.17,0,24.6,22.2,23.39,14.35,-7.56,30.3,0.036,1.50E-02
483.7,8.15,0,24.6,22.2,23.39,14.34,-7.56,30.3,0.036,1.50E-02
484.8,8.17,0,24.6,22.2,23.39,14.34,-7.56,30.3,0.036,1.51E-02
485.8,8.17,0,24.6,22.2,23.4,14.34,-7.57,30.3,0.036,1.51E-02
486.8,8.17,0,24.6,22.2,23.4,14.34,-7.57,30.3,0.036,1.52E-02
487.8,8.17,0,24.6,22.2,23.4,14.34,-7.57,30.3,0.037,1.52E-02
488.8,8.18,0,24.6,22.2,23.41,14.34,-7.57,30.3,0.037,1.52E-02
489.8,8.19,0,24.6,22.2,23.42,14.34,-7.57,30.3,0.037,1.53E-02
490.8,8.19,0,24.6,22.2,23.42,14.34,-7.56,30.3,0.037,1.53E-02
491.9,8.16,0,24.6,22.2,23.43,14.33,-7.56,30.3,0.037,1.54E-02
492.9,8.18,0,24.6,22.2,23.43,14.32,-7.56,30.3,0.037,1.54E-02
493.9,8.16,0,24.6,22.2,23.44,14.31,-7.57,30.3,0.037,1.54E-02
494.9,8.16,0,24.6,22.2,23.44,14.3,-7.57,30.3,0.037,1.55E-02
495.9,8.18,0,24.6,22.2,23.45,14.3,-7.57,30.3,0.037,1.55E-02
496.9,8.16,0,24.6,22.2,23.45,14.29,-7.57,30.3,0.037,1.56E-02
498,8.17,0,24.6,22.2,23.46,14.28,-7.57,30.3,0.037,1.56E-02
499,8.19,0,24.6,22.2,23.46,14.28,-7.57,30.3,0.038,1.56E-02
500,8.19,0,24.6,22.2,23.47,14.28,-7.57,30.3,0.038,1.57E-02
501,8.2,0,24.7,22.2,23.47,14.28,-7.57,30.3,0.038,1.57E-02
502,8.17,0,24.7,22.2,23.47,14.28,-7.57,30.4,0.038,1.58E-02
503,8.2,0,24.7,22.2,23.48,14.28,-7.57,30.4,0.038,1.58E-02
504,8.22,0,24.7,22.2,23.49,14.28,-7.56,30.4,0.038,1.58E-02
505.1,8.18,0,24.7,22.2,23.49,14.28,-7.56,30.4,0.038,1.59E-02
506.1,8.19,0,24.7,22.2,23.5,14.27,-7.56,30.4,0.038,1.59E-02
507.1,8.16,0,24.7,22.2,23.5,14.26,-7.56,30.4,0.038,1.60E-02
508.1,8.18,0,24.7,22.2,23.51,14.26,-7.56,30.4,0.038,1.60E-02
509.1,8.16,0,24.7,22.2,23.51,14.25,-7.56,30.4,0.038,1.60E-02
510.1,8.14,0,24.7,22.2,23.52,14.23,-7.56,30.4,0.039,1.61E-02
511.2,8.18,0,24.7,22.2,23.52,14.23,-7.56,30.4,0.039,1.61E-02
512.2,8.18,0,24.7,22.2,23.53,14.22,-7.56,30.4,0.039,1.62E-02
513.2,8.2,0,24.7,22.2,23.53,14.22,-7.56,30.4,0.039,1.62E-02
514.2,8.2,0,24.7,22.2,23.54,14.22,-7.56,30.4,0.039,1.62E-02
515.2,8.21,0,24.7,22.2,23.54,14.23,-7.56,30.4,0.039,1.63E-02
516.2,8.22,0,24.7,22.2,23.55,14.23,-7.56,30.4,0.039,1.63E-02
517.3,8.22,0,24.6,22.2,23.55,14.24,-7.56,30.4,0.039,1.64E-02
518.3,8.36,0,24.6,22.2,23.56,14.25,-7.56,30.4,0.039,1.64E-02
519.3,8.41,0,24.6,22.2,23.56,14.26,-7.57,30.4,0.039,1.64E-02
520.3,8.42,0,24.6,22.2,23.57,14.26,-7.57,30.4,0.039,1.65E-02
521.3,8.45,0,24.6,22.2,23.57,14.27,-7.57,30.4,0.04,1.65E-02
522.3,8.52,0,24.6,22.2,23.57,14.28,-7.57,30.4,0.04,1.66E-02
523.3,8.49,0,24.6,22.2,23.58,14.28,-7.57,30.4,0.04,1.66E-02
524.4,8.53,0,24.6,22.2,23.58,14.28,-7.57,30.4,0.04,1.66E-02
525.4,8.53,0,24.6,22.2,23.58,14.28,-7.57,30.4,0.04,1.67E-02
526.4,8.54,0,24.6,22.2,23.59,14.28,-7.57,30.4,0.04,1.67E-02
527.4,8.56,0,24.6,22.2,23.59,14.28,-7.57,30.4,0.04,1.68E-02
528.4,8.57,0,24.6,22.2,23.6,14.28,-7.57,30.5,0.04,1.68E-02
529.4,8.6,0,24.6,22.2,23.6,14.29,-7.57,30.5,0.04,1.69E-02
530.5,8.57,0,24.6,22.2,23.6,14.28,-7.56,30.5,0.04,1.69E-02
531.5,8.64,0,24.6,22.2,23.61,14.29,-7.56,30.5,0.04,1.69E-02
532.5,8.68,0,24.6,22.2,23.62,14.29,-7.56,30.5,0.041,1.70E-02
533.5,8.71,0,24.6,22.2,23.62,14.3,-7.56,30.5,0.041,1.70E-02
534.5,8.71,0,24.6,22.2,23.63,14.3,-7.57,30.5,0.041,1.71E-02
535.5,8.74,0,24.6,22.2,23.64,14.3,-7.57,30.5,0.041,1.71E-02
536.5,8.78,0,24.6,22.2,23.64,14.3,-7.57,30.5,0.041,1.72E-02
537.6,8.78,0,24.6,22.2,23.64,14.3,-7.57,30.5,0.041,1.72E-02
538.6,8.79,0,24.6,22.2,23.65,14.3,-7.57,30.5,0.041,1.72E-02
539.6,8.8,0,24.6,22.2,23.65,14.3,-7.57,30.5,0.041,1.73E-02
540.6,8.77,0,24.6,22.2,23.66,14.3,-7.57,30.5,0.041,1.73E-02
541.6,8.78,0,24.6,22.2,23.66,14.29,-7.57,30.5,0.041,1.74E-02
542.6,8.74,0,24.6,22.2,23.67,14.29,-7.57,30.5,0.041,1.74E-02
543.7,8.74,0,24.6,22.2,23.67,14.28,-7.57,30.5,0.042,1.75E-02
544.7,8.75,0,24.6,22.2,23.68,14.28,-7.57,30.5,0.042,1.75E-02
545.7,8.75,0,24.6,22.2,23.68,14.27,-7.57,30.5,0.042,1.75E-02
546.7,8.77,0,24.6,22.2,23.69,14.27,-7.57,30.5,0.042,1.76E-02
547.7,8.75,0,24.6,22.2,23.69,14.27,-7.57,30.5,0.042,1.76E-02
548.8,8.73,0,24.6,22.2,23.7,14.26,-7.57,30.5,0.042,1.77E-02
549.8,8.73,0,24.6,22.2,23.7,14.25,-7.57,30.5,0.042,1.77E-02
550.8,8.73,0,24.6,22.2,23.71,14.24,-7.57,30.5,0.042,1.78E-02
551.8,8.73,0,24.6,22.2,23.71,14.23,-7.57,30.5,0.042,1.78E-02
552.8,8.74,0,24.6,22.2,23.72,14.22,-7.57,30.5,0.042,1.78E-02
553.8,8.75,0,24.6,22.2,23.73,14.22,-7.57,30.5,0.043,1.79E-02
554.8,8.76,0,24.6,22.2,23.73,14.22,-7.57,30.5,0.043,1.79E-02
555.9,8.78,0,24.6,22.2,23.74,14.22,-7.57,30.5,0.043,1.80E-02
556.9,8.76,0,24.6,22.2,23.74,14.22,-7.57,30.5,0.043,1.80E-02
557.9,8.76,0,24.6,22.2,23.75,14.22,-7.57,30.6,0.043,1.81E-02
558.9,8.73,0,24.6,22.2,23.75,14.21,-7.57,30.6,0.043,1.81E-02
559.9,8.73,0,24.6,22.2,23.76,14.2,-7.57,30.6,0.043,1.81E-02
560.9,8.73,0,24.7,22.2,23.76,14.19,-7.57,30.6,0.043,1.82E-02
562,8.7,0,24.7,22.2,23.77,14.18,-7.57,30.6,0.043,1.82E-02
563,8.71,0,24.7,22.2,23.77,14.17,-7.57,30.6,0.043,1.83E-02
564,8.62,0,24.7,22.2,23.78,14.16,-7.57,30.6,0.043,1.83E-02
565,8.66,0,24.7,22.2,23.78,14.16,-7.57,30.6,0.044,1.83E-02
566,8.7,0,24.7,22.2,23.79,14.16,-7.57,30.6,0.044,1.84E-02
567,8.74,0,24.7,22.2,23.79,14.17,-7.57,30.6,0.044,1.84E-02
568,8.71,0,24.7,22.2,23.8,14.17,-7.57,30.6,0.044,1.85E-02
569.1,8.73,0,24.7,22.2,23.8,14.17,-7.57,30.6,0.044,1.85E-02
570.1,8.81,0,24.7,22.2,23.81,14.18,-7.57,30.6,0.044,1.86E-02
571.1,8.76,0,24.7,22.2,23.81,14.17,-7.57,30.6,0.044,1.86E-02
572.1,8.76,0,24.7,22.2,23.82,14.17,-7.57,30.6,0.044,1.86E-02
573.1,8.79,0,24.7,22.2,23.82,14.17,-7.57,30.6,0.044,1.87E-02
574.1,8.84,0,24.7,22.2,23.82,14.17,-7.57,30.6,0.044,1.87E-02
575.2,8.82,0,24.7,22.2,23.83,14.17,-7.57,30.6,0.045,1.88E-02
576.2,8.77,0,24.7,22.2,23.83,14.17,-7.57,30.6,0.045,1.88E-02
577.2,8.79,0,24.7,22.2,23.84,14.17,-7.57,30.6,0.045,1.89E-02
578.2,8.82,0,24.7,22.2,23.84,14.18,-7.57,30.6,0.045,1.89E-02
579.2,8.81,0,24.7,22.2,23.84,14.18,-7.57,30.6,0.045,1.89E-02
580.2,8.82,0,24.7,22.2,23.85,14.18,-7.57,30.6,0.045,1.90E-02
581.3,8.82,0,24.7,22.2,23.86,14.17,-7.57,30.6,0.045,1.90E-02
582.3,8.82,0,24.7,22.2,23.86,14.17,-7.57,30.6,0.045,1.91E-02
583.3,8.89,0,24.7,22.2,23.87,14.17,-7.57,30.6,0.045,1.91E-02
584.3,8.86,0,24.7,22.2,23.87,14.17,-7.57,30.6,0.045,1.92E-02
585.3,8.88,0,24.7,22.2,23.87,14.17,-7.57,30.6,0.045,1.92E-02
586.3,8.87,0,24.7,22.2,23.88,14.16,-7.57,30.6,0.046,1.93E-02
587.3,8.89,0,24.7,22.2,23.88,14.16,-7.57,30.7,0.046,1.93E-02
588.4,8.91,0,24.7,22.1,23.89,14.16,-7.56,30.7,0.046,1.93E-02
589.4,8.89,0,24.7,22.1,23.89,14.16,-7.56,30.7,0.046,1.94E-02
590.4,8.95,0,24.7,22.1,23.9,14.16,-7.56,30.7,0.046,1.94E-02
591.4,8.93,0,24.7,22.1,23.91,14.16,-7.56,30.7,0.046,1.95E-02
592.4,8.92,0,24.7,22.1,23.91,14.16,-7.56,30.7,0.046,1.95E-02
593.4,8.9,0,24.7,22.1,23.92,14.15,-7.56,30.7,0.046,1.96E-02
594.5,8.92,0,24.7,22.1,23.92,14.14,-7.56,30.7,0.046,1.96E-02
595.5,8.9,0,24.7,22.1,23.92,14.13,-7.56,30.7,0.046,1.96E-02
596.5,8.91,0,24.7,22.1,23.93,14.12,-7.56,30.7,0.047,1.97E-02
597.5,8.91,0,24.7,22.1,23.94,14.11,-7.56,30.7,0.047,1.97E-02
598.5,8.94,0,24.7,22.1,23.94,14.11,-7.56,30.7,0.047,1.98E-02
599.5,8.96,0,24.7,22.1,23.95,14.12,-7.56,30.7,0.047,1.98E-02
600.5,8.93,0,24.7,22.1,23.95,14.11,-7.56,30.7,0.047,1.99E-02
601.6,8.95,0,24.7,22.1,23.96,14.11,-7.56,30.7,0.047,1.99E-02
602.6,8.93,0,24.7,22.1,23.96,14.11,-7.56,30.7,0.047,1.99E-02
603.6,8.95,0,24.7,22.1,23.97,14.11,-7.57,30.7,0.047,2.00E-02
604.6,8.95,0,24.7,22.1,23.97,14.11,-7.57,30.7,0.047,2.00E-02
605.6,8.94,0,24.7,22.1,23.97,14.1,-7.57,30.7,0.047,2.01E-02
606.6,8.96,0,24.7,22.1,23.98,14.1,-7.57,30.7,0.048,2.01E-02
607.7,8.96,0,24.7,22.1,23.98,14.1,-7.57,30.7,0.048,2.02E-02
608.7,8.96,0,24.7,22.1,23.99,14.1,-7.57,30.7,0.048,2.02E-02
609.7,8.97,0,24.7,22.1,23.99,14.1,-7.57,30.7,0.048,2.03E-02
610.7,8.95,0,24.7,22.2,23.99,14.1,-7.56,30.7,0.048,2.03E-02
611.7,8.95,0,24.7,22.2,24,14.09,-7.56,30.7,0.048,2.03E-02
612.8,8.95,0,24.7,22.2,24,14.09,-7.56,30.7,0.048,2.04E-02
613.8,8.94,0,24.7,22.2,24.01,14.08,-7.56,30.7,0.048,2.04E-02
614.8,8.95,0,24.7,22.2,24.01,14.07,-7.56,30.7,0.048,2.05E-02
615.8,8.94,0,24.7,22.2,24.02,14.06,-7.56,30.7,0.048,2.05E-02
616.8,8.93,0,24.7,22.2,24.02,14.05,-7.56,30.7,0.048,2.06E-02
617.8,8.97,0,24.7,22.2,24.03,14.05,-7.56,30.7,0.049,2.06E-02
618.8,8.97,0,24.7,22.2,24.03,14.05,-7.56,30.7,0.049,2.07E-02
619.9,8.98,0,24.7,22.2,24.04,14.05,-7.56,30.8,0.049,2.07E-02
620.9,8.97,0,24.7,22.2,24.04,14.05,-7.56,30.8,0.049,2.07E-02
621.9,8.97,0,24.7,22.2,24.05,14.05,-7.56,30.8,0.049,2.08E-02
622.9,8.97,0,24.7,22.2,24.05,14.05,-7.56,30.8,0.049,2.08E-02
623.9,8.97,0,24.7,22.2,24.05,14.05,-7.56,30.8,0.049,2.09E-02
624.9,8.98,0,24.7,22.2,24.06,14.05,-7.56,30.8,0.049,2.09E-02
626,9.02,0,24.7,22.2,24.06,14.06,-7.56,30.8,0.049,2.10E-02
627,8.99,0,24.7,22.2,24.07,14.05,-7.56,30.8,0.049,2.10E-02
628,9.02,0,24.7,22.2,24.07,14.05,-7.56,30.8,0.05,2.10E-02
629,9.06,0,24.7,22.2,24.08,14.06,-7.56,30.8,0.05,2.11E-02
630,9.06,0,24.7,22.2,24.08,14.06,-7.56,30.8,0.05,2.11E-02
631,9.05,0,24.7,22.2,24.09,14.05,-7.56,30.8,0.05,2.12E-02
632,9.05,0,24.7,22.2,24.09,14.05,-7.56,30.8,0.05,2.12E-02
633.1,9.08,0,24.7,22.2,24.1,14.05,-7.56,30.8,0.05,2.13E-02
634.1,9.1,0,24.7,22.2,24.11,14.05,-7.56,30.8,0.05,2.13E-02
635.1,9.13,0,24.6,22.2,24.11,14.05,-7.56,30.8,0.05,2.14E-02
636.1,9.1,0,24.6,22.2,24.12,14.04,-7.56,30.8,0.05,2.14E-02
637.1,9.13,0,24.6,22.2,24.12,14.04,-7.56,30.8,0.05,2.14E-02
638.1,9.12,0,24.6,22.2,24.13,14.04,-7.56,30.8,0.051,2.15E-02
639.2,9.1,0,24.6,22.2,24.13,14.02,-7.56,30.8,0.051,2.15E-02
640.2,9.1,0,24.6,22.2,24.13,14.01,-7.56,30.8,0.051,2.16E-02
641.2,9.07,0,24.6,22.2,24.13,14,-7.56,30.8,0.051,2.16E-02
642.2,9.12,0,24.6,22.2,24.14,13.99,-7.56,30.8,0.051,2.17E-02
643.2,9.09,0,24.6,22.2,24.14,13.98,-7.57,30.8,0.051,2.17E-02
644.2,9.03,0,24.6,22.2,24.15,13.98,-7.57,30.8,0.051,2.18E-02
645.3,9.03,0,24.6,22.2,24.15,13.97,-7.57,30.8,0.051,2.18E-02
646.3,8.99,0,24.6,22.2,24.16,13.96,-7.57,30.8,0.051,2.18E-02
647.3,8.97,0,24.6,22.2,24.16,13.95,-7.57,30.8,0.051,2.19E-02
648.3,8.91,0,24.6,22.2,24.17,13.94,-7.57,30.8,0.052,2.19E-02
649.3,8.95,0,24.6,22.2,24.17,13.93,-7.57,30.8,0.052,2.20E-02
650.4,9.01,0,24.6,22.2,24.18,13.93,-7.57,30.9,0.052,2.20E-02
651.4,8.92,0,24.6,22.2,24.18,13.92,-7.57,30.9,0.052,2.21E-02
652.4,9,0,24.6,22.2,24.18,13.92,-7.57,30.9,0.052,2.21E-02
653.4,9.02,0,24.6,22.2,24.19,13.93,-7.57,30.9,0.052,2.22E-02
654.4,9,0,24.6,22.2,24.19,13.93,-7.57,30.9,0.052,2.22E-02
655.4,8.98,0,24.6,22.2,24.19,13.92,-7.57,30.9,0.052,2.22E-02
656.5,8.98,0,24.6,22.3,24.2,13.92,-7.57,30.9,0.052,2.23E-02
657.5,9.02,0,24.6,22.3,24.2,13.92,-7.57,30.9,0.052,2.23E-02
658.5,9,0,24.6,22.3,24.21,13.92,-7.56,30.9,0.053,2.24E-02
659.5,9.01,0,24.6,22.3,24.21,13.92,-7.57,30.9,0.053,2.24E-02
660.5,9.13,0,24.6,22.3,24.22,13.93,-7.56,30.9,0.053,2.25E-02
661.5,9.18,0,24.6,22.3,24.23,13.94,-7.56,30.9,0.053,2.25E-02
662.5,9.27,0,24.6,22.3,24.23,13.96,-7.57,30.9,0.053,2.26E-02
663.6,9.27,0,24.6,22.3,24.23,13.96,-7.57,30.9,0.053,2.26E-02
664.6,9.33,0,24.6,22.3,24.24,13.97,-7.57,30.9,0.053,2.26E-02
665.6,9.34,0,24.6,22.3,24.24,13.98,-7.56,30.9,0.053,2.27E-02
666.6,9.36,0,24.6,22.3,24.24,13.98,-7.57,30.9,0.053,2.27E-02
667.6,9.38,0,24.6,22.3,24.24,13.99,-7.56,30.9,0.053,2.28E-02
668.6,9.38,0,24.6,22.3,24.25,13.99,-7.56,30.9,0.054,2.28E-02
669.7,9.38,0,24.6,22.3,24.25,13.99,-7.56,30.9,0.054,2.29E-02
670.7,9.36,0,24.6,22.3,24.26,13.98,-7.56,30.9,0.054,2.29E-02
671.7,9.43,0,24.6,22.3,24.26,13.99,-7.56,30.9,0.054,2.30E-02
672.7,9.43,0,24.6,22.3,24.27,13.99,-7.56,30.9,0.054,2.30E-02
673.7,9.46,0,24.7,22.3,24.27,13.99,-7.56,30.9,0.054,2.31E-02
674.8,9.47,0,24.7,22.3,24.28,13.99,-7.56,30.9,0.054,2.31E-02
675.8,9.52,0,24.7,22.3,24.28,13.99,-7.56,30.9,0.054,2.31E-02
676.8,9.54,0,24.7,22.3,24.29,14,-7.56,30.9,0.054,2.32E-02
677.8,9.5,0,24.7,22.3,24.29,13.99,-7.56,30.9,0.054,2.32E-02
678.8,9.46,0,24.7,22.3,24.3,13.98,-7.56,30.9,0.055,2.33E-02
679.8,9.43,0,24.7,22.3,24.3,13.97,-7.56,30.9,0.055,2.33E-02
680.8,9.4,0,24.7,22.3,24.3,13.96,-7.56,30.9,0.055,2.34E-02
681.9,9.41,0,24.7,22.3,24.31,13.95,-7.56,30.9,0.055,2.34E-02
682.9,9.3,0,24.7,22.3,24.31,13.93,-7.56,30.9,0.055,2.35E-02
683.9,9.33,0,24.7,22.3,24.32,13.93,-7.56,30.9,0.055,2.35E-02
684.9,9.35,0,24.7,22.3,24.32,13.93,-7.56,30.9,0.055,2.36E-02
685.9,9.33,0,24.7,22.3,24.32,13.92,-7.56,30.9,0.055,2.36E-02
686.9,9.4,0,24.7,22.3,24.33,13.93,-7.56,30.9,0.055,2.37E-02
688,9.4,0,24.7,22.3,24.33,13.93,-7.57,30.9,0.055,2.37E-02
689,9.42,0,24.7,22.3,24.34,13.93,-7.57,30.9,0.056,2.37E-02
690,9.38,0,24.7,22.3,24.34,13.93,-7.56,31,0.056,2.38E-02
691,9.39,0,24.7,22.3,24.34,13.92,-7.56,31,0.056,2.38E-02
692,9.4,0,24.7,22.3,24.35,13.92,-7.56,31,0.056,2.39E-02
693,9.38,0,24.7,22.3,24.35,13.92,-7.56,31,0.056,2.39E-02
694,9.38,0,24.7,22.3,24.35,13.91,-7.56,31,0.056,2.40E-02
695.1,9.4,0,24.7,22.3,24.36,13.91,-7.56,31,0.056,2.40E-02
696.1,9.41,0,24.7,22.3,24.36,13.92,-7.56,31,0.056,2.41E-02
697.1,9.4,0,24.7,22.3,24.36,13.92,-7.56,31,0.056,2.41E-02
698.1,9.41,0,24.7,22.3,24.37,13.92,-7.56,31,0.056,2.42E-02
699.1,9.43,0,24.7,22.3,24.37,13.92,-7.56,31,0.057,2.42E-02
700.2,9.42,0,24.6,22.3,24.38,13.92,-7.56,31,0.057,2.43E-02
701.2,9.43,0,24.6,22.3,24.38,13.92,-7.56,31,0.057,2.43E-02
702.2,9.42,0,24.6,22.3,24.38,13.92,-7.57,31,0.057,2.43E-02
703.2,9.44,0,24.6,22.3,24.39,13.92,-7.57,31,0.057,2.44E-02
704.2,9.45,0,24.6,22.3,24.39,13.92,-7.56,31,0.057,2.44E-02
705.2,9.43,0,24.6,22.3,24.39,13.91,-7.56,31,0.057,2.45E-02
706.3,9.5,0,24.6,22.3,24.4,13.92,-7.56,31,0.057,2.45E-02
707.3,9.49,0,24.6,22.3,24.4,13.92,-7.56,31,0.057,2.46E-02
708.3,9.53,0,24.6,22.3,24.41,13.92,-7.56,31,0.058,2.46E-02
709.3,9.52,0,24.6,22.3,24.41,13.92,-7.56,31,0.058,2.47E-02
710.3,9.52,0,24.6,22.3,24.41,13.92,-7.56,31,0.058,2.47E-02
711.3,9.53,0,24.6,22.3,24.41,13.92,-7.56,31,0.058,2.48E-02
712.4,9.53,0,24.6,22.3,24.42,13.92,-7.56,31,0.058,2.48E-02
713.4,9.54,0,24.6,22.3,24.42,13.92,-7.56,31,0.058,2.49E-02
714.4,9.55,0,24.6,22.3,24.42,13.92,-7.56,31,0.058,2.49E-02
715.4,9.55,0,24.6,22.3,24.42,13.92,-7.56,31,0.058,2.49E-02
716.4,9.61,0,24.6,22.3,24.43,13.93,-7.56,31,0.058,2.50E-02
717.4,9.59,0,24.6,22.3,24.43,13.93,-7.56,31,0.058,2.50E-02
718.5,9.58,0,24.6,22.3,24.43,13.92,-7.56,31,0.059,2.51E-02
719.5,9.58,0,24.6,22.3,24.43,13.92,-7.56,31,0.059,2.51E-02
720.5,9.61,0,24.6,22.3,24.44,13.92,-7.56,31,0.059,2.52E-02
721.5,9.64,0,24.6,22.3,24.44,13.92,-7.56,31,0.059,2.52E-02
722.5,9.61,0,24.6,22.3,24.44,13.92,-7.56,31,0.059,2.53E-02
723.5,9.65,0,24.6,22.3,24.45,13.92,-7.56,31,0.059,2.53E-02
724.5,9.67,0,24.6,22.3,24.45,13.93,-7.56,31,0.059,2.54E-02
725.6,9.66,0,24.6,22.3,24.45,13.93,-7.56,31,0.059,2.54E-02
726.6,9.64,0,24.6,22.3,24.46,13.92,-7.56,31,0.059,2.55E-02
727.6,9.65,0,24.6,22.3,24.46,13.92,-7.56,31,0.059,2.55E-02
728.6,9.69,0,24.6,22.3,24.46,13.92,-7.56,31,0.06,2.56E-02
729.6,9.74,0,24.6,22.3,24.47,13.93,-7.56,31,0.06,2.56E-02
730.6,9.87,0,24.6,22.3,24.47,13.94,-7.56,31,0.06,2.57E-02
731.7,9.92,0,24.6,22.3,24.48,13.95,-7.56,31,0.06,2.57E-02
732.7,9.97,0,24.6,22.3,24.48,13.96,-7.56,31,0.06,2.58E-02
733.7,10.04,0,24.6,22.3,24.48,13.97,-7.56,31,0.06,2.58E-02
734.7,10.07,0,24.6,22.4,24.48,13.98,-7.56,31,0.06,2.59E-02
735.7,10.12,0,24.5,22.4,24.49,13.99,-7.56,31,0.06,2.59E-02
736.7,10.13,0,24.5,22.4,24.49,14,-7.56,31,0.06,2.59E-02
737.8,10.22,0,24.5,22.4,24.49,14.01,-7.56,31,0.061,2.60E-02
738.8,10.26,0,24.5,22.4,24.5,14.02,-7.57,31,0.061,2.60E-02
739.8,10.31,0,24.5,22.4,24.5,14.04,-7.57,31,0.061,2.61E-02
740.8,10.36,0,24.5,22.4,24.5,14.05,-7.57,31,0.061,2.62E-02
741.8,10.39,0,24.5,22.4,24.5,14.06,-7.57,31,0.061,2.62E-02
742.8,10.47,0,24.5,22.4,24.5,14.07,-7.57,31,0.061,2.63E-02
743.9,10.51,0,24.5,22.4,24.51,14.08,-7.57,31,0.061,2.63E-02
744.9,10.56,0,24.5,22.4,24.51,14.09,-7.57,31,0.061,2.64E-02
745.9,10.56,0,24.5,22.4,24.51,14.1,-7.57,31,0.061,2.64E-02
746.9,10.63,0,24.5,22.4,24.52,14.11,-7.57,31,0.062,2.65E-02
747.9,10.6,0,24.5,22.4,24.52,14.11,-7.57,31,0.062,2.65E-02
748.9,10.6,0,24.5,22.4,24.52,14.11,-7.57,31,0.062,2.66E-02
750,10.58,0,24.5,22.4,24.53,14.1,-7.57,31,0.062,2.66E-02
751,10.63,0,24.5,22.4,24.53,14.11,-7.57,31,0.062,2.67E-02
752,10.64,0,24.5,22.4,24.53,14.11,-7.57,31,0.062,2.67E-02
753,10.65,0,24.5,22.4,24.54,14.11,-7.57,31,0.062,2.68E-02
754,10.59,0,24.5,22.4,24.54,14.11,-7.57,31,0.062,2.68E-02
755,10.61,0,24.5,22.4,24.54,14.11,-7.57,31,0.063,2.69E-02
756,10.61,0,24.5,22.4,24.54,14.11,-7.57,31,0.063,2.69E-02
757.1,10.6,0,24.5,22.4,24.55,14.1,-7.57,31,0.063,2.70E-02
758.1,10.64,0,24.5,22.4,24.55,14.11,-7.57,31,0.063,2.70E-02
759.1,10.63,0,24.5,22.4,24.55,14.11,-7.57,31,0.063,2.71E-02
760.1,10.64,0,24.5,22.4,24.56,14.11,-7.57,31,0.063,2.71E-02
761.1,10.62,0,24.5,22.4,24.56,14.1,-7.57,31,0.063,2.72E-02
762.1,10.62,0,24.5,22.5,24.56,14.1,-7.57,31,0.063,2.72E-02
763.2,10.6,0,24.5,22.5,24.57,14.09,-7.57,31,0.063,2.73E-02
764.2,10.58,0,24.5,22.5,24.57,14.07,-7.57,31,0.064,2.73E-02
765.2,10.49,0,24.5,22.4,24.57,14.06,-7.57,31,0.064,2.74E-02
766.2,10.52,0,24.5,22.4,24.57,14.05,-7.57,31,0.064,2.74E-02
767.2,10.48,0,24.5,22.4,24.58,14.04,-7.57,31,0.064,2.75E-02
768.2,10.49,0,24.5,22.4,24.58,14.04,-7.57,31,0.064,2.75E-02
769.3,10.56,0,24.5,22.4,24.58,14.04,-7.57,31,0.064,2.76E-02
770.3,10.56,0,24.5,22.4,24.59,14.04,-7.57,31,0.064,2.76E-02
771.3,10.52,0,24.5,22.4,24.59,14.04,-7.56,31,0.064,2.77E-02
772.3,10.49,0,24.5,22.4,24.6,14.02,-7.56,31,0.064,2.78E-02
773.3,10.53,0,24.5,22.4,24.6,14.02,-7.56,31,0.065,2.78E-02
774.3,10.53,0,24.5,22.4,24.6,14.01,-7.56,31,0.065,2.79E-02
775.3,10.47,0,24.5,22.4,24.61,14,-7.56,31,0.065,2.79E-02
776.4,10.34,0,24.5,22.4,24.61,13.98,-7.56,31,0.065,2.80E-02
777.4,10.32,0,24.6,22.4,24.61,13.97,-7.56,31,0.065,2.80E-02
778.4,10.29,0,24.6,22.4,24.61,13.96,-7.56,31,0.065,2.81E-02
779.4,10.26,0,24.6,22.4,24.61,13.95,-7.56,31,0.065,2.81E-02
780.4,10.23,0,24.6,22.4,24.61,13.94,-7.57,31,0.065,2.82E-02
781.4,10.21,0,24.6,22.4,24.62,13.93,-7.57,31,0.065,2.82E-02
782.5,10.24,0,24.6,22.4,24.62,13.93,-7.56,31,0.066,2.83E-02
783.5,10.25,0,24.6,22.4,24.62,13.93,-7.56,31,0.066,2.83E-02
784.5,10.26,0,24.6,22.4,24.63,13.93,-7.56,31,0.066,2.84E-02
785.5,10.27,0,24.6,22.4,24.63,13.93,-7.56,31,0.066,2.84E-02
786.5,10.27,0,24.6,22.4,24.63,13.93,-7.56,31,0.066,2.85E-02
787.5,10.29,0,24.6,22.3,24.64,13.93,-7.56,31,0.066,2.85E-02
788.5,10.27,0,24.6,22.3,24.64,13.92,-7.56,31,0.066,2.86E-02
789.6,10.29,0,24.6,22.3,24.65,13.92,-7.56,31,0.066,2.86E-02
790.6,10.26,0,24.6,22.3,24.65,13.92,-7.56,31,0.066,2.87E-02
791.6,10.26,0,24.7,22.3,24.65,13.91,-7.56,31,0.067,2.87E-02
792.6,10.28,0,24.7,22.3,24.65,13.91,-7.56,31,0.067,2.88E-02
793.6,10.28,0,24.7,22.3,24.66,13.91,-7.56,31,0.067,2.88E-02
794.7,10.3,0,24.7,22.3,24.66,13.92,-7.56,31,0.067,2.89E-02
795.7,10.26,0,24.7,22.3,24.66,13.91,-7.56,31,0.067,2.89E-02
796.7,10.31,0,24.7,22.3,24.67,13.92,-7.56,31,0.067,2.90E-02
797.7,10.29,0,24.7,22.3,24.67,13.92,-7.56,31,0.067,2.90E-02
798.7,10.29,0,24.7,22.3,24.68,13.92,-7.56,31.1,0.067,2.91E-02
799.7,10.29,0,24.7,22.3,24.68,13.92,-7.56,31.1,0.067,2.91E-02
800.8,10.28,0,24.7,22.3,24.68,13.91,-7.56,31.1,0.068,2.92E-02
801.8,10.3,0,24.7,22.3,24.69,13.91,-7.56,31.1,0.068,2.92E-02
802.8,10.3,0,24.7,22.3,24.69,13.91,-7.56,31.1,0.068,2.93E-02
803.8,10.36,0,24.7,22.3,24.7,13.92,-7.56,31.1,0.068,2.93E-02
804.8,10.49,0,24.7,22.3,24.7,13.92,-7.56,31.1,0.068,2.94E-02
805.8,10.52,0,24.7,22.2,24.71,13.93,-7.56,31.1,0.068,2.94E-02
806.8,10.56,0,24.7,22.2,24.72,13.93,-7.56,31.1,0.068,2.95E-02
807.9,10.57,0,24.7,22.2,24.73,13.93,-7.56,31.1,0.068,2.95E-02
808.9,10.58,0,24.7,22.2,24.73,13.93,-7.57,31.1,0.069,2.96E-02
809.9,10.57,0,24.7,22.2,24.73,13.93,-7.57,31.1,0.069,2.96E-02
810.9,10.57,0,24.7,22.2,24.73,13.93,-7.56,31.1,0.069,2.97E-02
811.9,10.53,0,24.7,22.2,24.73,13.93,-7.56,31.1,0.069,2.97E-02
812.9,10.51,0,24.7,22.2,24.73,13.92,-7.56,31.1,0.069,2.98E-02
814,10.51,0,24.7,22.2,24.73,13.92,-7.56,31.1,0.069,2.98E-02
815,10.5,0,24.7,22.2,24.73,13.92,-7.56,31.1,0.069,2.99E-02
816,10.48,0,24.7,22.2,24.73,13.91,-7.56,31.1,0.069,2.99E-02
817,10.47,0,24.7,22.2,24.73,13.9,-7.56,31.1,0.069,3.00E-02
818,10.37,0,24.7,22.2,24.73,13.89,-7.57,31.1,0.07,3.00E-02
819,10.33,0,24.7,22.2,24.73,13.88,-7.57,31.1,0.07,3.01E-02
820,10.3,0,24.7,22.2,24.74,13.87,-7.57,31.1,0.07,3.01E-02
821.1,10.29,0,24.7,22.2,24.73,13.86,-7.57,31.1,0.07,3.02E-02
822.1,10.3,0,24.7,22.2,24.73,13.86,-7.57,31.1,0.07,3.02E-02
823.1,10.27,0,24.7,22.2,24.73,13.86,-7.57,31.1,0.07,3.03E-02
824.1,10.32,0,24.7,22.2,24.73,13.86,-7.57,31.1,0.07,3.03E-02
825.1,10.31,0,24.7,22.2,24.73,13.86,-7.57,31.1,0.07,3.04E-02
826.1,10.31,0,24.7,22.2,24.73,13.86,-7.57,31.1,0.07,3.04E-02
827.2,10.34,0,24.7,22.2,24.73,13.86,-7.57,31.1,0.071,3.05E-02
828.2,10.32,0,24.7,22.2,24.74,13.86,-7.57,31.1,0.071,3.05E-02
829.2,10.33,0,24.7,22.2,24.74,13.86,-7.57,31.1,0.071,3.06E-02
830.2,10.31,0,24.7,22.2,24.74,13.85,-7.57,31.1,0.071,3.06E-02
831.2,10.34,0,24.7,22.2,24.74,13.86,-7.57,31.1,0.071,3.07E-02
832.2,10.33,0,24.7,22.2,24.74,13.86,-7.57,31.1,0.071,3.07E-02
833.3,10.33,0,24.7,22.2,24.74,13.86,-7.57,31.1,0.071,3.08E-02
834.3,10.32,0,24.7,22.2,24.74,13.86,-7.57,31.1,0.071,3.08E-02
835.3,10.32,0,24.7,22.2,24.74,13.86,-7.57,31.1,0.071,3.09E-02
836.3,10.33,0,24.7,22.2,24.75,13.86,-7.57,31.1,0.072,3.09E-02
837.3,10.31,0,24.7,22.2,24.75,13.85,-7.57,31.1,0.072,3.10E-02
838.3,10.31,0,24.7,22.2,24.75,13.85,-7.57,31.1,0.072,3.10E-02
839.4,10.32,0,24.7,22.2,24.75,13.85,-7.56,31.1,0.072,3.11E-02
840.4,10.32,0,24.7,22.2,24.75,13.85,-7.56,31.2,0.072,3.11E-02
841.4,10.32,0,24.7,22.2,24.75,13.85,-7.57,31.2,0.072,3.12E-02
842.4,10.31,0,24.7,22.3,24.74,13.85,-7.57,31.2,0.072,3.12E-02
843.4,10.33,0,24.7,22.3,24.74,13.86,-7.57,31.2,0.072,3.13E-02
844.4,10.32,0,24.7,22.2,24.74,13.86,-7.57,31.2,0.072,3.13E-02
845.5,10.31,0,24.7,22.2,24.74,13.86,-7.57,31.2,0.073,3.14E-02
846.5,10.35,0,24.7,22.2,24.74,13.86,-7.57,31.2,0.073,3.14E-02
847.5,10.35,0,24.7,22.2,24.75,13.87,-7.57,31.2,0.073,3.15E-02
848.5,10.35,0,24.7,22.2,24.75,13.87,-7.57,31.2,0.073,3.15E-02
849.5,10.33,0,24.7,22.2,24.76,13.87,-7.57,31.2,0.073,3.16E-02
850.5,10.35,0,24.7,22.2,24.77,13.87,-7.57,31.2,0.073,3.16E-02
851.5,10.34,0,24.7,22.2,24.78,13.86,-7.57,31.2,0.073,3.17E-02
852.6,10.47,0,24.7,22.2,24.78,13.86,-7.57,31.2,0.073,3.17E-02
853.6,10.5,0,24.7,22.2,24.79,13.86,-7.57,31.2,0.073,3.18E-02
854.6,10.47,0,24.7,22.2,24.8,13.86,-7.57,31.2,0.074,3.19E-02
855.6,10.42,0,24.7,22.2,24.8,13.86,-7.57,31.2,0.074,3.19E-02
856.6,10.41,0,24.7,22.2,24.8,13.85,-7.57,31.2,0.074,3.20E-02
857.6,10.41,0,24.7,22.2,24.81,13.85,-7.56,31.2,0.074,3.20E-02
858.7,10.4,0,24.7,22.2,24.81,13.84,-7.57,31.2,0.074,3.21E-02
859.7,10.38,0,24.7,22.2,24.82,13.82,-7.57,31.2,0.074,3.21E-02
860.7,10.39,0,24.7,22.2,24.82,13.81,-7.57,31.2,0.074,3.22E-02
861.7,10.41,0,24.7,22.2,24.82,13.81,-7.57,31.2,0.074,3.22E-02
862.7,10.43,0,24.7,22.2,24.83,13.81,-7.57,31.2,0.074,3.23E-02
863.7,10.4,0,24.7,22.2,24.83,13.8,-7.57,31.2,0.075,3.23E-02
864.8,10.41,0,24.7,22.2,24.83,13.8,-7.57,31.2,0.075,3.24E-02
865.8,10.44,0,24.7,22.2,24.84,13.81,-7.57,31.2,0.075,3.24E-02
866.8,10.45,0,24.7,22.2,24.84,13.81,-7.57,31.2,0.075,3.25E-02
867.8,10.4,0,24.7,22.2,24.84,13.81,-7.57,31.2,0.075,3.25E-02
868.8,10.4,0,24.7,22.2,24.85,13.8,-7.57,31.2,0.075,3.26E-02
869.8,10.42,0,24.7,22.2,24.85,13.8,-7.57,31.2,0.075,3.26E-02
870.9,10.4,0,24.7,22.2,24.85,13.8,-7.57,31.2,0.075,3.27E-02
871.9,10.4,0,24.7,22.2,24.86,13.79,-7.57,31.2,0.075,3.27E-02
872.9,10.4,0,24.7,22.2,24.86,13.79,-7.57,31.2,0.076,3.28E-02
873.9,10.42,0,24.7,22.2,24.86,13.79,-7.57,31.2,0.076,3.28E-02
874.9,10.41,0,24.7,22.2,24.87,13.79,-7.57,31.2,0.076,3.29E-02
875.9,10.42,0,24.7,22.2,24.87,13.79,-7.57,31.3,0.076,3.29E-02
877,10.4,0,24.7,22.2,24.87,13.78,-7.57,31.3,0.076,3.30E-02
878,10.39,0,24.8,22.2,24.87,13.78,-7.57,31.3,0.076,3.30E-02
879,10.4,0,24.8,22.2,24.88,13.77,-7.57,31.3,0.076,3.31E-02
880,10.38,0,24.8,22.2,24.88,13.76,-7.57,31.3,0.076,3.31E-02
881,10.4,0,24.8,22.2,24.89,13.76,-7.57,31.3,0.077,3.32E-02
882,10.36,0,24.8,22.2,24.89,13.75,-7.56,31.3,0.077,3.32E-02
883.1,10.4,0,24.8,22.2,24.89,13.75,-7.56,31.3,0.077,3.33E-02
884.1,10.38,0,24.8,22.2,24.9,13.74,-7.56,31.3,0.077,3.33E-02
885.1,10.4,0,24.8,22.2,24.9,13.74,-7.56,31.3,0.077,3.34E-02
886.1,10.41,0,24.8,22.2,24.9,13.75,-7.56,31.3,0.077,3.34E-02
887.1,10.39,0,24.8,22.2,24.91,13.75,-7.56,31.3,0.077,3.35E-02
888.1,10.4,0,24.8,22.2,24.91,13.75,-7.56,31.3,0.077,3.35E-02
889.2,10.39,0,24.8,22.2,24.91,13.75,-7.56,31.3,0.077,3.36E-02
890.2,10.39,0,24.8,22.2,24.92,13.75,-7.56,31.3,0.078,3.36E-02
891.2,10.37,0,24.8,22.2,24.92,13.74,-7.56,31.3,0.078,3.37E-02
892.2,10.37,0,24.8,22.2,24.92,13.73,-7.56,31.3,0.078,3.37E-02
893.2,10.37,0,24.8,22.2,24.92,13.73,-7.56,31.3,0.078,3.38E-02
894.2,10.42,0,24.8,22.2,24.93,13.73,-7.56,31.3,0.078,3.38E-02
895.3,10.37,0,24.8,22.2,24.93,13.73,-7.56,31.3,0.078,3.39E-02
896.3,10.39,0,24.8,22.2,24.93,13.73,-7.56,31.3,0.078,3.39E-02
897.3,10.4,0,24.8,22.2,24.94,13.73,-7.56,31.3,0.078,3.40E-02
898.3,10.39,0,24.8,22.2,24.94,13.73,-7.56,31.3,0.078,3.40E-02
899.3,10.41,0,24.8,22.2,24.94,13.73,-7.56,31.3,0.079,3.41E-02
900.3,10.37,0,24.8,22.2,24.95,13.73,-7.56,31.3,0.079,3.41E-02
